Full_Label,species_jetz,date,year_seasonality
P120622,Formicarius_analis,2012-06-25,177
P116125,Formicarius_analis,2011-08-16,228
P120778,Formicarius_analis,2012-07-12,194
P120896,Formicarius_analis,2012-08-21,234
P121420,Formicarius_analis,2012-10-26,300
P121421,Formicarius_analis,2012-10-26,300
SP120069,Anabacerthia_striaticollis,2012-06-29,181
W120733,Chamaeza_mollissima,2012-10-16,290
VC120112,Formicarius_analis,2012-09-16,260
W120284,Anisognathus_igniventris,2012-08-27,240
P110033,Thamnomanes_ardesiacus,2011-09-28,271
P110039,Thamnomanes_ardesiacus,2011-09-28,271
P110040,Myrmotherula_axillaris,2011-09-28,271
P110073,Thamnomanes_ardesiacus,2011-10-01,274
P110076,Thamnomanes_ardesiacus,2011-10-01,274
P110082,Myrmotherula_axillaris,2011-10-01,274
W120318,Anisognathus_igniventris,2012-08-27,240
W120319,Anisognathus_igniventris,2012-08-27,240
P110125,Hylophilus_ochraceiceps,2011-10-07,280
P110128,Thamnomanes_schistogynus,2011-10-07,280
P110140,Corythopis_torquatus,2011-10-10,283
P110149,Myrmotherula_axillaris,2011-10-10,283
P110154,Corythopis_torquatus,2011-10-10,283
P110159,Willisornis_poecilinotus,2011-10-11,284
P110171,Sclerurus_caudacutus,2011-10-13,286
W120330,Anisognathus_igniventris,2012-08-27,240
P116041,Arremon_taciturnus,2011-08-14,226
P120779,Arremon_taciturnus,2012-07-13,195
P110216,Corythopis_torquatus,2011-10-15,288
P110238,Willisornis_poecilinotus,2011-10-18,291
P110290,Willisornis_poecilinotus,2011-10-21,294
P110297,Thamnomanes_ardesiacus,2011-10-22,295
P110337,Myrmotherula_axillaris,2011-10-28,301
P110342,Sclerurus_caudacutus,2011-10-28,301
W120305,Arremon_torquatus,2012-08-16,229
P110387,Myrmotherula_axillaris,2011-11-02,306
P110390,Microcerculus_marginatus,2011-11-02,306
P110391,Myrmotherula_axillaris,2011-11-02,306
P115901,Sclerurus_caudacutus,2011-08-09,221
P115908,Myrmotherula_axillaris,2011-08-09,221
P115909,Myrmotherula_axillaris,2011-08-09,221
P115953,Myrmotherula_axillaris,2011-08-10,222
P115954,Myrmotherula_axillaris,2011-08-10,222
P115962,Willisornis_poecilinotus,2011-08-10,222
P115972,Willisornis_poecilinotus,2011-08-10,222
P115976,Lanio_versicolor,2011-08-10,222
P115979,Thamnomanes_schistogynus,2011-08-11,223
P116000,Thamnomanes_schistogynus,2011-08-11,223
W130377,Arremon_torquatus,2013-09-26,269
P116087,Willisornis_poecilinotus,2011-08-15,227
P110167,Monasa_morphoeus,2011-10-11,284
P116337,Monasa_morphoeus,2011-08-29,241
P116338,Monasa_morphoeus,2011-08-29,241
P116435,Lepidothrix_coronata,2011-09-04,247
P120740,Malacoptila_semicincta,2012-07-02,184
W130378,Arremon_torquatus,2013-09-30,273
P120872,Monasa_nigrifrons,2012-08-15,228
P121117,Monasa_nigrifrons,2012-09-19,263
P121372,Malacoptila_semicincta,2012-10-22,296
SP120642,Rupicola_peruvianus,2012-07-23,205
SP120665,Rupicola_peruvianus,2012-07-24,206
SP120678,Rupicola_peruvianus,2012-07-25,207
SP120797,Rupicola_peruvianus,2012-08-14,227
SP120813,Malacoptila_fulvogularis,2012-08-19,232
SP120819,Rupicola_peruvianus,2012-08-20,233
SP120821,Micromonacha_lanceolata,2012-08-20,233
SP120878,Galbula_cyanescens,2012-08-30,243
SP120917,Malacoptila_fulvogularis,2012-09-03,247
P115929,Automolus_melanopezus,2011-08-10,222
SP121176,Malacoptila_fulvogularis,2012-10-22,296
SP121189,Malacoptila_fulvogularis,2012-10-22,296
SP121234,Rupicola_peruvianus,2012-10-25,299
SP121235,Malacoptila_fulvogularis,2012-10-25,299
SP121276,Malacoptila_fulvogularis,2012-11-07,312
SP121319,Rupicola_peruvianus,2012-11-10,315
W120250,Pipreola_intermedia,2012-07-24,206
P120715,Automolus_ochrolaemus,NA,NA
W120481,Pipreola_intermedia,2012-09-06,250
W120617,Pipreola_intermedia,2012-10-04,278
W120650,Pipreola_arcuata,2012-10-09,283
W120662,Pipreola_intermedia,2012-10-11,285
W120683,Pipreola_arcuata,2012-10-15,289
W120693,Pipreola_intermedia,2012-10-15,289
W120701,Pipreola_intermedia,2012-10-15,289
W120717,Pipreola_arcuata,2012-10-16,290
W120722,Pipreola_arcuata,2012-10-16,290
W120737,Pipreola_arcuata,2012-10-16,290
W120816,Pipreola_intermedia,2012-10-20,294
W121017,Pipreola_intermedia,2012-11-20,325
W121018,Pipreola_intermedia,2012-11-20,325
W121045,Pipreola_intermedia,2012-11-21,326
W121150,Pipreola_intermedia,2012-12-01,336
SP13356,Malacoptila_fulvogularis,2013-11-14,318
P130043,Malacoptila_semicincta,2013-08-27,239
P130063,Malacoptila_semicincta,2013-08-28,240
P130357,Malacoptila_semicincta,2013-09-17,260
P130765,Galbula_cyanescens,2013-10-13,286
W130133,Pipreola_intermedia,2013-08-31,243
P120800,Automolus_ochrolaemus,2012-07-21,203
SP120030,Basileuterus_bivittatus,2012-06-20,172
W130514,Pipreola_arcuata,2013-10-23,296
W130657,Pipreola_intermedia,2013-11-10,314
W130693,Pipreola_intermedia,2013-11-13,317
SP110159,Basileuterus_bivittatus,2011-10-05,278
W130861,Pipreola_intermedia,2013-11-25,329
W130862,Pipreola_intermedia,2013-11-25,329
W130473,Pipreola_arcuata,2013-10-15,288
P116038,Thamnomanes_schistogynus,2011-08-14,226
P116078,Myrmotherula_axillaris,2011-08-15,227
SP120660,Basileuterus_bivittatus,2012-07-24,206
P116119,Willisornis_poecilinotus,2011-08-16,228
P116147,Willisornis_poecilinotus,2011-08-18,230
P116154,Thamnomanes_ardesiacus,2011-08-18,230
SP120809,Basileuterus_bivittatus,2012-08-16,229
P116166,Schiffornis_turdina,2011-08-18,230
P116172,Lanio_versicolor,2011-08-18,230
P116185,Schiffornis_turdina,2011-08-18,230
P116187,Schiffornis_turdina,2011-08-18,230
SP120859,Basileuterus_bivittatus,2012-09-29,273
P116202,Schiffornis_turdina,2011-08-19,231
P116204,Chlorothraupis_carmioli,2011-08-19,231
P116210,Chlorothraupis_carmioli,2011-08-19,231
SP121077,Basileuterus_bivittatus,2012-10-01,275
P116213,Chlorothraupis_carmioli,2011-08-19,231
P116228,Myiobius_barbatus,2011-08-19,231
P116231,Glyphorynchus_spirurus,2011-08-19,231
P116232,Lanio_versicolor,2011-08-19,231
P116246,Thamnomanes_ardesiacus,2011-08-20,232
P116247,Willisornis_poecilinotus,2011-08-20,232
P116259,Myrmotherula_axillaris,2011-08-20,232
P116260,Corythopis_torquatus,2011-08-20,232
P116262,Schiffornis_turdina,2011-08-20,232
P116271,Willisornis_poecilinotus,2011-08-24,236
P116278,Willisornis_poecilinotus,2011-08-24,236
P116291,Willisornis_poecilinotus,2011-08-25,237
P116292,Schiffornis_turdina,2011-08-25,237
P116295,Schiffornis_turdina,2011-08-25,237
P116299,Schiffornis_turdina,2011-08-25,237
P116302,Schiffornis_turdina,2011-08-26,238
P116324,Platyrinchus_platyrhynchos,2011-08-29,241
SP121079,Basileuterus_bivittatus,2012-10-01,275
P116369,Hylophilus_ochraceiceps,2011-08-30,242
SP121117,Basileuterus_bivittatus,2012-10-04,278
P116380,Hylophilus_ochraceiceps,2011-08-30,242
P116411,Corythopis_torquatus,2011-09-02,245
P116420,Glyphorynchus_spirurus,2011-09-02,245
P116425,Hylophylax_naevius,2011-09-02,245
P116453,Microcerculus_marginatus,2011-09-04,247
P116467,Thamnomanes_schistogynus,2011-09-05,248
SP121210,Basileuterus_bivittatus,2012-10-23,297
SP110013,Chlorospingus_flavigularis,2011-09-06,249
SP110022,Tangara_arthus,2011-09-12,255
SP110023,Tangara_arthus,2011-09-12,255
SP110040,Chlorospingus_flavigularis,2011-09-16,259
SP110044,Leptopogon_superciliaris,2011-09-19,262
SP110059,Premnoplex_brunnescens,2011-09-20,263
SP110066,Chlorospingus_flavigularis,2011-09-21,264
SP110070,Chlorospingus_flavigularis,2011-09-21,264
SP110073,Premnoplex_brunnescens,2011-09-22,265
SP110074,Premnoplex_brunnescens,2011-09-22,265
SP110080,Rhynchocyclus_fulvipectus,2011-09-24,267
SP110084,Myioborus_miniatus,2011-09-24,267
SP110086,Myioborus_miniatus,2011-09-24,267
SP110087,Myioborus_miniatus,2011-09-25,268
SP110095,Rhynchocyclus_fulvipectus,2011-09-25,268
SP110113,Basileuterus_tristriatus,2011-09-27,270
SP110108,Chlorospingus_ophthalmicus,2011-09-27,270
SP110154,Rhynchocyclus_fulvipectus,2011-10-04,277
SP110186,Basileuterus_tristriatus,2011-10-06,279
SP110098,Eutoxeres_condamini,2011-09-25,268
SP110188,Anabacerthia_striaticollis,2011-10-06,279
SP110259,Hylophylax_naevius,2011-10-19,292
SP121223,Basileuterus_bivittatus,2012-10-25,299
SP110340,Leptopogon_superciliaris,2011-10-29,302
SP110120,Chlorospingus_flavigularis,2011-09-29,272
SP110130,Premnoplex_brunnescens,2011-10-01,274
SP110140,Premnoplex_brunnescens,2011-10-03,276
SP110144,Basileuterus_tristriatus,2011-10-03,276
P120675,Willisornis_poecilinotus,2012-06-29,181
P120781,Sclerurus_caudacutus,2012-07-14,196
P120742,Corythopis_torquatus,2012-07-02,184
P120770,Microcerculus_marginatus,2012-07-10,192
SP121292,Basileuterus_bivittatus,2012-11-08,313
P120684,Hylophilus_ochraceiceps,2012-06-29,181
P120687,Willisornis_poecilinotus,2012-06-29,181
P120714,Myrmotherula_axillaris,2012-06-30,182
P120739,Corythopis_torquatus,2012-07-02,184
P120788,Thamnomanes_ardesiacus,2012-07-16,198
SP121402,Basileuterus_coronatus,2012-11-18,323
P120805,Corythopis_torquatus,2012-07-23,205
P120806,Mionectes_olivaceus,2012-07-23,205
SP110009,Basileuterus_coronatus,2011-09-05,248
P120818,Leptopogon_amaurocephalus,2012-07-30,212
P120883,Platyrinchus_platyrhynchos,2012-08-16,229
SP110017,Basileuterus_coronatus,2011-09-08,251
P120916,Thamnomanes_schistogynus,2012-08-22,235
P120921,Thamnomanes_schistogynus,2012-08-22,235
P120923,Thamnomanes_schistogynus,2012-08-22,235
P120924,Thamnomanes_schistogynus,2012-08-22,235
P120933,Myrmotherula_axillaris,2012-08-22,235
SP110041,Basileuterus_coronatus,2011-09-17,260
SP110143,Basileuterus_coronatus,2011-10-03,276
P121004,Hylophylax_naevius,2012-08-30,243
SP120057,Basileuterus_coronatus,2012-06-25,177
P121019,Hylophilus_ochraceiceps,2012-09-03,247
P121020,Hylophilus_ochraceiceps,2012-09-03,247
P121052,Corythopis_torquatus,2012-09-04,248
P121238,Glyphorynchus_spirurus,2012-10-09,283
P121245,Glyphorynchus_spirurus,2012-10-09,283
P121250,Willisornis_poecilinotus,2012-10-10,284
P121252,Willisornis_poecilinotus,2012-10-10,284
P121255,Willisornis_poecilinotus,2012-10-10,284
P121258,Platyrinchus_platyrhynchos,2012-10-10,284
P121259,Platyrinchus_platyrhynchos,2012-10-10,284
P121262,Myrmotherula_axillaris,2012-10-10,284
P121271,Glyphorynchus_spirurus,2012-10-10,284
P121352,Thamnomanes_ardesiacus,2012-10-20,294
SP120080,Basileuterus_coronatus,2012-06-21,173
P121359,Glyphorynchus_spirurus,2012-10-20,294
P121446,Myiobius_barbatus,2012-10-27,301
P121773,Myrmotherula_axillaris,2012-12-03,338
P121448,Willisornis_poecilinotus,2012-10-27,301
P121774,Myrmotherula_axillaris,2012-12-03,338
P121457,Sclerurus_caudacutus,2012-10-31,305
SP120778,Basileuterus_coronatus,2012-08-11,224
P121797,Willisornis_poecilinotus,2012-12-06,341
P121499,Willisornis_poecilinotus,2012-11-01,306
SP120054,Basileuterus_coronatus,2012-06-25,177
SP120894,Basileuterus_coronatus,2012-09-02,246
SP121000,Basileuterus_coronatus,2012-09-24,268
P121505,Willisornis_poecilinotus,2012-11-02,307
P121511,Myiobius_barbatus,2012-11-02,307
P121367,Sclerurus_caudacutus,2012-10-20,294
P121374,Microcerculus_marginatus,2012-10-22,296
P121400,Myrmotherula_axillaris,2012-10-25,299
P121409,Myiobius_barbatus,2012-10-25,299
SP120943,Basileuterus_coronatus,2012-09-04,248
SP120911,Basileuterus_tristriatus,2012-09-02,246
P121764,Thamnomanes_schistogynus,2012-12-03,338
SP121081,Tangara_arthus,2012-10-01,275
SP130013,Chiroxiphia_boliviana,NA,NA
SP121412,Chlorochrysa_calliparaea,2012-11-22,327
SP110008,Chlorospingus_flavigularis,2011-09-05,248
SP120931,Basileuterus_tristriatus,2012-09-04,248
SP120934,Chlorospingus_flavigularis,2012-09-04,248
SP120016,Premnoplex_brunnescens,2012-06-14,166
SP120036,Chlorospingus_flavigularis,2012-06-20,172
SP120040,Chlorospingus_flavigularis,2012-06-22,174
SP110101,Chlorospingus_flavigularis,2011-09-26,269
P116211,Chlorothraupis_carmioli,2011-08-18,230
P115984,Cyphorhinus_arada,2011-08-11,223
P110318,Epinecrophylla_leucophthalma,2011-10-25,298
SP120076,Basileuterus_tristriatus,2012-06-30,182
SP120093,Leptopogon_superciliaris,2012-07-09,191
SP120101,Premnoplex_brunnescens,2012-07-10,192
SP120115,Rhynchocyclus_fulvipectus,2012-07-11,193
SP120630,Microcerculus_marginatus,2012-07-23,205
SP120636,Premnoplex_brunnescens,2012-07-23,205
SP120638,Premnoplex_brunnescens,2012-07-23,205
SP120658,Premnoplex_brunnescens,2012-07-24,206
SP120662,Leptopogon_superciliaris,2012-07-24,206
SP120666,Tangara_arthus,2012-07-24,206
SP120669,Premnoplex_brunnescens,2012-07-25,207
SP120674,Premnoplex_brunnescens,2012-07-25,207
SP120767,Leptopogon_superciliaris,2012-08-10,223
SP120769,Premnoplex_brunnescens,2012-08-10,223
SP120787,Tangara_arthus,2012-08-11,224
SP120792,Chlorospingus_flavigularis,2012-08-13,226
SP120804,Premnoplex_brunnescens,2012-08-15,228
SP120857,Premnoplex_brunnescens,2012-08-29,242
SP120861,Anabacerthia_striaticollis,2012-08-29,242
SP120880,Chlorospingus_flavigularis,2012-08-30,243
SP120885,Chlorospingus_flavigularis,2012-09-02,246
SP120889,Leptopogon_superciliaris,2012-09-02,246
SP120890,Premnoplex_brunnescens,2012-09-02,246
SP120938,Chlorospingus_flavigularis,2012-09-04,248
SP120993,Chlorospingus_flavigularis,2012-09-23,267
SP120998,Premnoplex_brunnescens,2012-09-24,268
SP121004,Premnoplex_brunnescens,2012-09-24,268
SP121023,Premnoplex_brunnescens,2012-09-27,271
SP121029,Rhynchocyclus_fulvipectus,2012-09-27,271
SP121038,Leptopogon_superciliaris,2012-09-27,271
SP121091,Leptopogon_superciliaris,2012-10-02,276
SP121104,Tangara_arthus,2012-10-03,277
P120085,Formicarius_rufipectus,NA,NA
P130040,Glyphorynchus_spirurus,NA,NA
SP121151,Anabacerthia_striaticollis,2012-10-18,292
SP121212,Basileuterus_tristriatus,2012-10-23,297
SP121244,Microcerculus_marginatus,2012-11-06,311
SP121267,Premnoplex_brunnescens,2012-11-07,312
SP121269,Premnoplex_brunnescens,2012-11-07,312
SP121270,Premnoplex_brunnescens,2012-11-07,312
SP121282,Premnoplex_brunnescens,2012-11-07,312
SP121308,Tangara_arthus,2012-11-10,315
P116215,Gymnopithys_salvini,2011-08-18,230
P120814,Habia_rubica,2012-07-27,209
SP121337,Chlorospingus_flavigularis,2012-11-11,316
SP121360,Myioborus_miniatus,2012-11-16,321
SP121362,Myioborus_miniatus,2012-11-16,321
W120643,Hemispingus_atropileus,2012-10-09,283
W120646,Hemispingus_atropileus,2012-10-09,283
W120709,Hemispingus_atropileus,2012-10-16,290
SP121433,Basileuterus_tristriatus,2012-11-25,330
SP121435,Basileuterus_tristriatus,2012-11-25,330
TL120016,Chlorospingus_ophthalmicus,2012-10-28,302
TL120020,Anabacerthia_striaticollis,2012-10-28,302
TL120033,Chlorospingus_ophthalmicus,2012-10-28,302
TL120034,Chlorospingus_ophthalmicus,2012-10-28,302
TL120047,Premnoplex_brunnescens,2012-10-29,303
TL120052,Chlorochrysa_calliparaea,2012-10-29,303
TL120054,Pyrrhomyias_cinnamomeus,2012-10-29,303
TL120058,Chlorospingus_ophthalmicus,2012-10-29,303
TL120075,Anabacerthia_striaticollis,2012-10-31,305
TL120082,Premnoplex_brunnescens,2012-10-31,305
TL120093,Chlorochrysa_calliparaea,2012-11-01,306
TL120094,Basileuterus_tristriatus,2012-11-01,306
TL120095,Basileuterus_tristriatus,2012-11-01,306
TL120104,Tangara_arthus,2012-11-01,306
TL120109,Anabacerthia_striaticollis,2012-11-02,307
TL120111,Premnoplex_brunnescens,2012-11-02,307
W120719,Hemispingus_atropileus,2012-10-16,290
TU120065,Chlorornis_riefferii,2012-10-16,290
TU120066,Chlorornis_riefferii,2012-10-16,290
VC120070,Hylophylax_naevius,2012-09-14,258
VC120099,Hylophylax_naevius,2012-09-15,259
W120249,Anisognathus_igniventris,2012-07-24,206
W120696,Hemispingus_atropileus,2012-10-15,289
W120753,Hemispingus_atropileus,2012-10-17,291
W120760,Hemispingus_atropileus,2012-10-17,291
W120921,Hemispingus_atropileus,2012-11-01,306
W120924,Hemispingus_atropileus,2012-11-01,306
W120946,Hemispingus_atropileus,2012-11-06,311
W120986,Hemispingus_atropileus,NA,NA
W120988,Hemispingus_atropileus,2012-11-11,316
W121001,Hemispingus_atropileus,2012-11-20,325
W120436,Anisognathus_igniventris,2012-09-01,245
W120445,Anisognathus_igniventris,2012-09-02,246
W121044,Hemispingus_atropileus,2012-11-21,326
W130080,Hemispingus_atropileus,2013-08-27,239
W130142,Hemispingus_atropileus,2013-08-31,243
W120523,Anisognathus_igniventris,2012-09-12,256
W130143,Hemispingus_atropileus,2013-08-31,243
W120645,Arremon_torquatus,2012-10-09,283
W130145,Hemispingus_atropileus,2013-08-31,243
W130286,Hemispingus_atropileus,2013-09-16,259
W120702,Anisognathus_igniventris,2012-10-15,289
W120703,Anisognathus_igniventris,2012-10-15,289
W130287,Hemispingus_atropileus,2013-09-16,259
W130369,Hemispingus_atropileus,NA,NA
W120750,Chlorornis_riefferii,2012-10-17,291
W130370,Hemispingus_atropileus,NA,NA
W130417,Hemispingus_atropileus,2013-10-02,275
W120755,Chlorornis_riefferii,2012-10-17,291
W130453,Hemispingus_atropileus,2013-10-12,285
W120764,Myioborus_melanocephalus,2012-10-18,292
W120781,Chlorornis_riefferii,2012-10-18,292
W120790,Myioborus_melanocephalus,2012-10-18,292
W120791,Chlorornis_riefferii,2012-10-18,292
W130497,Hemispingus_atropileus,2013-10-20,293
W120875,Anisognathus_igniventris,2012-10-25,299
W130488,Hemispingus_atropileus,2013-10-20,293
W130826,Hemispingus_atropileus,2013-11-20,324
W130824,Hemispingus_atropileus,2013-11-20,324
SP110010,Hemispingus_melanotis,2011-09-05,248
SP110011,Hemispingus_melanotis,2011-09-05,248
SP110028,Hemispingus_melanotis,2011-09-12,255
SP110124,Hemispingus_melanotis,2011-10-01,274
W121016,Chlorornis_riefferii,2012-11-20,325
W121048,Arremon_torquatus,2012-11-21,326
W121047,Arremon_torquatus,2012-11-21,326
SP120055,Hemispingus_melanotis,2012-06-25,177
W121090,Myioborus_melanocephalus,2012-11-24,329
SP121215,Hemispingus_melanotis,2012-10-23,297
W121041,Mecocerculus_stictopterus,2012-11-21,326
W121136,Myioborus_melanocephalus,2012-11-28,333
W121161,Myioborus_melanocephalus,2012-12-02,337
P130183,Hylophylax_naevius,2013-09-06,249
P130157,Thamnomanes_ardesiacus,2013-09-05,248
P130133,Chlorothraupis_carmioli,2013-09-03,246
P130050,Thamnomanes_ardesiacus,2013-08-28,240
P130049,Willisornis_poecilinotus,2013-08-27,239
P130047,Thamnomanes_ardesiacus,2013-08-27,239
P130041,Platyrinchus_platyrhynchos,2013-08-27,239
P130025,Myrmotherula_axillaris,2013-08-27,239
P130007,Willisornis_poecilinotus,2013-08-26,238
P130300,Corythopis_torquatus,2013-09-14,257
SP121361,Hemispingus_melanotis,2012-11-16,321
P130259,Myrmotherula_axillaris,2013-09-10,253
P130233,Lanio_versicolor,2013-09-07,250
P130253,Hylophylax_naevius,2013-09-10,253
P130254,Microcerculus_marginatus,2013-09-10,253
P130255,Microcerculus_marginatus,2013-09-10,253
P130187,Hylophylax_naevius,2013-09-06,249
P130189,Hylophylax_naevius,2013-09-06,249
P130216,Willisornis_poecilinotus,2013-09-07,250
P130301,Corythopis_torquatus,2013-09-14,257
P130303,Corythopis_torquatus,2013-09-14,257
P130328,Corythopis_torquatus,2013-09-14,257
P130330,Corythopis_torquatus,2013-09-16,259
P130352,Microcerculus_marginatus,2013-09-17,260
P130400,Willisornis_poecilinotus,2013-09-20,263
P130405,Microcerculus_marginatus,2013-09-20,263
SP13113,Hemispingus_melanotis,2013-09-22,265
P130442,Sclerurus_caudacutus,2013-09-24,267
P131053,Sclerurus_caudacutus,2013-11-15,319
P130628,Chlorothraupis_carmioli,2013-10-03,276
P131067,Sclerurus_caudacutus,2013-11-16,320
SP13006,Anabacerthia_striaticollis,2013-09-10,253
TL120056,Hemispingus_melanotis,2012-10-29,303
W130063,Pyrrhomyias_cinnamomeus,2013-08-26,238
TU120059,Hemispingus_melanotis,2012-10-16,290
W130118,Arremon_torquatus,2013-08-29,241
P120773,Hylophylax_naevius,2012-07-12,194
W120291,Iridosornis_jelskii,2012-08-23,236
W120335,Iridosornis_jelskii,2012-08-24,237
W130232,Myioborus_melanocephalus,2013-09-08,251
W130297,Arremon_torquatus,2013-09-18,261
W130233,Myioborus_melanocephalus,2013-09-08,251
W130253,Chlorornis_riefferii,2013-09-11,254
W130255,Chlorornis_riefferii,2013-09-11,254
W130256,Chlorornis_riefferii,2013-09-11,254
W130257,Myioborus_melanocephalus,2013-09-11,254
W130270,Anisognathus_igniventris,2013-09-15,258
W120338,Iridosornis_jelskii,2012-08-27,240
W120412,Iridosornis_jelskii,NA,NA
W130298,Arremon_torquatus,2013-09-18,261
W130330,Chlorornis_riefferii,2013-09-25,268
W130349,Arremon_torquatus,2013-09-25,268
W130351,Myioborus_melanocephalus,2013-09-28,271
W130353,Myioborus_melanocephalus,2013-09-28,271
W120455,Iridosornis_jelskii,2012-09-03,247
W120468,Iridosornis_jelskii,2012-09-05,249
W120474,Iridosornis_jelskii,2012-09-06,250
W120676,Iridosornis_jelskii,2012-10-14,288
W120878,Iridosornis_jelskii,2012-10-14,288
W130416,Myioborus_melanocephalus,2013-10-02,275
W120877,Iridosornis_jelskii,2012-10-25,299
W130429,Chlorornis_riefferii,2013-10-06,279
W130445,Anisognathus_igniventris,2013-10-09,282
W121223,Iridosornis_jelskii,2012-12-11,346
W130360,Iridosornis_jelskii,2013-09-28,271
W130637,Iridosornis_jelskii,2013-11-09,313
W130560,Arremon_torquatus,2013-10-31,304
W130561,Arremon_torquatus,2013-10-31,304
W130572,Arremon_torquatus,2013-11-02,306
W130633,Myioborus_melanocephalus,2013-11-09,313
W130676,Iridosornis_jelskii,2013-11-12,316
W130897,Iridosornis_jelskii,2013-11-27,331
W130898,Iridosornis_jelskii,2013-11-28,332
W130677,Chlorornis_riefferii,2013-11-12,316
W130700,Chlorornis_riefferii,2013-11-13,317
W130914,Iridosornis_jelskii,2013-12-01,335
P110129,Leptopogon_amaurocephalus,2011-10-07,280
W130920,Iridosornis_jelskii,2013-12-01,335
P110406,Leptopogon_amaurocephalus,2011-11-03,307
P120975,Lanio_versicolor,2012-08-25,238
P110258,Lepidothrix_coronata,2011-10-18,291
P115912,Leptopogon_amaurocephalus,NA,NA
P120812,Leptopogon_amaurocephalus,2012-07-26,208
P121118,Leptopogon_amaurocephalus,2012-09-18,262
W130939,Anisognathus_igniventris,2013-12-02,336
SP120065,Lophotriccus_pileatus,2012-06-29,181
P116216,Leptopogon_amaurocephalus,2011-08-19,231
P116225,Leptopogon_amaurocephalus,2011-08-19,231
P120659,Leptopogon_amaurocephalus,2012-06-26,178
P120679,Leptopogon_amaurocephalus,2012-06-29,181
P120736,Leptopogon_amaurocephalus,2012-07-02,184
P110233,Microcerculus_marginatus,2011-11-17,321
P120922,Leptopogon_amaurocephalus,2012-08-22,235
P121030,Leptopogon_amaurocephalus,2012-09-03,247
SP121141,Microcerculus_marginatus,2012-10-17,291
P121606,Leptopogon_amaurocephalus,2012-11-20,325
P121751,Leptopogon_amaurocephalus,2012-12-02,337
P130161,Leptopogon_amaurocephalus,2013-09-05,248
P130379,Leptopogon_amaurocephalus,2013-09-19,262
P110028,Pipra_fasciicauda,2011-09-28,271
P110138,Mionectes_macconnelli,2011-10-10,283
P110037,Habia_rubica,2011-09-28,271
P110041,Lepidothrix_coronata,2011-09-28,271
P110042,Momotus_momota,2011-09-28,271
P115959,Mionectes_macconnelli,2011-08-10,222
P110049,Habia_rubica,2011-09-29,272
P115960,Mionectes_macconnelli,2011-08-10,222
P110055,Mionectes_macconnelli,2011-09-29,272
P110057,Geotrygon_montana,2011-09-29,272
P110058,Geotrygon_montana,2011-09-29,272
P110059,Lepidothrix_coronata,2011-09-29,272
P110060,Psarocolius_angustifrons,2011-09-29,272
P110063,Lepidothrix_coronata,2011-09-30,273
P110067,Habia_rubica,2011-09-30,273
P110068,Momotus_momota,2011-09-30,273
P110069,Habia_rubica,2011-09-30,273
P110078,Mionectes_olivaceus,2011-10-01,274
P110083,Myrmoborus_leucophrys,2011-10-03,276
P110087,Habia_rubica,2011-10-03,276
P110090,Pipra_fasciicauda,2011-10-03,276
P110088,Terenotriccus_erythrurus,2011-10-03,276
P116004,Mionectes_macconnelli,2011-08-10,222
P110095,Ramphotrigon_fuscicauda,2011-10-05,278
P110098,Pipra_fasciicauda,2011-10-05,278
P110100,Terenotriccus_erythrurus,2011-10-05,278
P110102,Myrmoborus_myotherinus,2011-10-05,278
P110103,Pipra_fasciicauda,2011-10-05,278
P110106,Geotrygon_montana,2011-10-05,278
P110107,Geotrygon_montana,2011-10-05,278
P110108,Laniocera_hypopyrra,2011-10-05,278
P116019,Mionectes_macconnelli,2011-08-14,226
P110111,Automolus_ochrolaemus,2011-10-06,279
P110119,Xenops_tenuirostris,2011-10-07,280
P116094,Mionectes_macconnelli,2011-08-15,227
P110124,Pipra_fasciicauda,2011-10-07,280
P110133,Pipra_fasciicauda,2011-10-08,281
P110137,Tangara_schrankii,2011-10-10,283
P116112,Mionectes_macconnelli,2011-08-16,228
P110142,Automolus_ochrolaemus,2011-10-10,283
P115958,Mionectes_oleagineus,2011-08-09,221
P110156,Pteroglossus_azara,2011-10-11,284
P110157,Pteroglossus_azara,2011-10-11,284
P110166,Turdus_albicollis,2011-10-11,284
P110174,Synallaxis_cabanisi,2011-10-13,286
P110175,Lepidothrix_coronata,2011-10-13,286
P110179,Mionectes_oleagineus,2011-10-13,286
P110185,Mionectes_oleagineus,2011-10-13,286
P110190,Lepidothrix_coronata,2011-10-13,286
P110192,Mionectes_macconnelli,2011-10-13,286
P110193,Pipra_fasciicauda,2011-10-13,286
P110198,Mionectes_oleagineus,2011-10-13,286
P110200,Gymnopithys_salvini,2011-10-14,287
P110203,Mionectes_oleagineus,2011-10-14,287
P110207,Pteroglossus_beauharnaesii,2011-10-14,287
P110208,Pteroglossus_beauharnaesii,2011-10-14,287
P116007,Mionectes_oleagineus,2011-08-11,223
P110222,Mionectes_oleagineus,2011-10-15,288
P110226,Lepidothrix_coronata,2011-10-15,288
P110227,Platyrinchus_coronatus,2011-10-15,288
P110228,Pipra_fasciicauda,2011-10-15,288
P110232,Automolus_ochrolaemus,2011-10-17,290
P110243,Mionectes_olivaceus,2011-10-18,291
P116148,Mionectes_oleagineus,2011-08-18,230
P110256,Gymnopithys_salvini,2011-10-18,291
P116167,Mionectes_oleagineus,2011-08-20,232
P110268,Platyrinchus_coronatus,2011-10-19,292
P110269,Lepidothrix_coronata,2011-10-19,292
P110273,Euphonia_xanthogaster,2011-10-19,292
P110094,Mionectes_olivaceus,2011-10-04,277
P115895,Mionectes_olivaceus,NA,NA
P110292,Xenops_minutus,2011-10-21,294
P110293,Gymnopithys_salvini,2011-10-21,294
P110294,Terenotriccus_erythrurus,2011-10-21,294
P110295,Catharus_ustulatus,2011-10-22,295
P110296,Thamnophilus_schistaceus,2011-10-22,295
P110307,Myrmoborus_myotherinus,2011-10-25,298
P110311,Mionectes_oleagineus,2011-10-25,298
P110312,Mionectes_oleagineus,2011-10-25,298
P110317,Lepidothrix_coronata,2011-10-25,298
P116068,Mionectes_olivaceus,2011-08-14,226
P110320,Pipra_fasciicauda,2011-10-26,299
P110322,Pipra_fasciicauda,2011-10-26,299
P110323,Arremon_taciturnus,2011-10-26,299
P110324,Pipra_fasciicauda,2011-10-26,299
P110325,Thamnophilus_schistaceus,2011-10-26,299
P110330,Campylopterus_largipennis,2011-10-28,301
P110331,Pipra_fasciicauda,2011-10-28,301
P110332,Pipra_fasciicauda,2011-10-28,301
P110333,Lepidothrix_coronata,2011-10-28,301
P110334,Turdus_albicollis,2011-10-28,301
P110338,Mionectes_oleagineus,2011-10-28,301
P110343,Lepidothrix_coronata,2011-10-28,301
P110346,Arremon_taciturnus,2011-10-29,302
P110348,Mionectes_oleagineus,2011-10-29,302
P116110,Mionectes_olivaceus,2011-08-14,226
P116142,Mionectes_olivaceus,2011-08-18,230
P110359,Arremon_taciturnus,2011-11-01,305
P116183,Mionectes_olivaceus,2011-08-20,232
P116186,Mionectes_olivaceus,2011-08-20,232
P110367,Xenops_minutus,2011-11-01,305
P110368,Pipra_fasciicauda,2011-11-01,305
P110373,Tangara_schrankii,2011-11-01,305
P110375,Mionectes_oleagineus,2011-11-01,305
P110376,Hyloctistes_subulatus,2011-11-01,305
P110386,Neoctantes_niger,2011-11-02,306
P110392,Catharus_ustulatus,2011-11-02,306
P110393,Pipra_fasciicauda,2011-11-02,306
P110396,Epinecrophylla_erythrura,2011-11-02,306
P110399,Mionectes_macconnelli,2011-11-03,307
P110402,Catharus_ustulatus,2011-11-03,307
P110404,Mionectes_oleagineus,2011-11-03,307
P110405,Cyanocompsa_cyanoides,2011-11-03,307
VC120088,Mionectes_olivaceus,2012-09-14,258
P110417,Geotrygon_montana,2011-11-05,309
P110418,Thamnophilus_schistaceus,2011-11-05,309
P110420,Mionectes_macconnelli,2011-11-05,309
P110421,Trogon_violaceus,2011-11-05,309
P110422,Lepidothrix_coronata,2011-11-05,309
P110424,Saltator_maximus,2011-11-05,309
P110425,Pipra_fasciicauda,2011-11-05,309
VC120089,Mionectes_olivaceus,2012-09-23,267
P115906,Mionectes_macconnelli,2011-08-09,221
P115910,Cyanocompsa_cyanoides,2011-08-09,221
P115919,Mionectes_olivaceus,2011-08-09,221
P115925,Phlegopsis_nigromaculata,2011-08-09,221
VC120108,Mionectes_olivaceus,2012-09-27,271
P115932,Mionectes_macconnelli,2011-08-10,222
P115935,Xenops_minutus,2011-08-10,222
P115937,Simoxenops_ucayalae,2011-08-10,222
P115940,Myrmeciza_goeldii,2011-08-10,222
P115942,Thamnophilus_schistaceus,2011-08-10,222
P115944,Mionectes_macconnelli,2011-08-10,222
P115945,Thamnophilus_schistaceus,2011-08-10,222
P115948,Terenotriccus_erythrurus,2011-08-10,222
P115950,Gymnopithys_salvini,2011-08-10,222
P115952,Pipra_fasciicauda,2011-08-10,222
P120704,Mionectes_striaticollis,2012-06-29,181
P115956,Pipra_fasciicauda,2011-08-10,222
P110029,Myrmotherula_hauxwelli,2011-09-28,271
P110085,Myrmotherula_hauxwelli,2011-10-03,276
P110086,Myrmotherula_hauxwelli,2011-10-03,276
P115964,Pipra_fasciicauda,2011-08-10,222
P110172,Myrmotherula_hauxwelli,2011-10-13,286
P115991,Myrmeciza_goeldii,2011-08-11,223
P115993,Thamnophilus_schistaceus,2011-08-11,223
P115997,Ramphastos_tucanus,2011-08-11,223
P115999,Anabazenops_dorsalis,2011-08-11,223
P110215,Myrmotherula_hauxwelli,2011-10-15,288
P116005,Gymnopithys_salvini,2011-08-11,223
P110380,Myrmotherula_hauxwelli,2011-11-01,305
P116012,Pipra_fasciicauda,2011-08-14,226
P116013,Lepidothrix_coronata,2011-08-14,226
P116014,Pipra_fasciicauda,2011-08-14,226
P116031,Myrmotherula_hauxwelli,2011-08-14,226
P116022,Pipra_fasciicauda,2011-08-14,226
P116030,Myrmoborus_myotherinus,2011-08-14,226
P116080,Myrmotherula_hauxwelli,2011-08-15,227
P116037,Epinecrophylla_leucophthalma,2011-08-14,226
P120791,Myrmotherula_hauxwelli,2012-07-18,200
P116043,Myrmoborus_myotherinus,2011-08-14,226
P116048,Deconychura_longicauda,2011-08-14,226
P116049,Piprites_chloris,2011-08-14,226
P116051,Lepidothrix_coronata,2011-08-14,226
P120807,Myrmotherula_hauxwelli,2012-07-24,206
P120956,Myrmotherula_hauxwelli,2012-08-23,236
P116057,Automolus_infuscatus,2011-08-14,226
P116058,Habia_rubica,2011-08-14,226
P116059,Laniocera_hypopyrra,2011-08-14,226
P121007,Myrmotherula_hauxwelli,2012-08-30,243
P116079,Gymnopithys_salvini,2011-08-15,227
P116082,Conopophaga_peruviana,2011-08-15,227
P116085,Habia_rubica,2011-08-15,227
P116089,Deconychura_longicauda,2011-08-15,227
P116092,Dichrozona_cincta,2011-08-15,227
P121357,Myrmotherula_hauxwelli,2012-10-20,294
P116096,Xenops_minutus,2011-08-15,227
P116097,Xenops_minutus,2011-08-15,227
P121796,Myrmotherula_hauxwelli,2012-12-06,341
P116120,Thamnophilus_schistaceus,2011-08-16,228
P116111,Pipra_fasciicauda,2011-08-16,228
P121800,Myrmotherula_hauxwelli,2012-12-06,341
P116115,Arremon_taciturnus,2011-08-16,228
P116116,Percnostola_lophotes,2011-08-16,228
P116121,Pipra_fasciicauda,2011-08-16,228
P116123,Thamnophilus_schistaceus,2011-08-16,228
P116131,Laniocera_hypopyrra,2011-08-16,228
P121503,Myrmotherula_hauxwelli,2012-11-02,307
P116150,Gymnopithys_salvini,2011-08-18,230
P116151,Gymnopithys_salvini,2011-08-18,230
P116152,Gymnopithys_salvini,2011-08-18,230
P116206,Myrmeciza_hemimelaena,2011-08-19,231
P121801,Myrmotherula_hauxwelli,2012-12-06,341
P116254,Automolus_ochrolaemus,2011-08-20,232
P116261,Deconychura_longicauda,2011-08-20,232
P116276,Automolus_ochrolaemus,2011-08-24,236
P116287,Automolus_ochrolaemus,2011-08-24,236
P116303,Rhytipterna_simplex,2011-08-26,238
P116325,Gymnopithys_salvini,2011-08-29,241
P116336,Myrmotherula_longipennis,2011-08-29,241
P120612,Myrmeciza_goeldii,2012-06-24,176
P120615,Arremon_taciturnus,2012-06-24,176
P120621,Myrmeciza_hemimelaena,2012-06-25,177
P120629,Myrmeciza_goeldii,2012-06-25,177
P120666,Tangara_schrankii,2012-06-26,178
P120703,Glyphorynchus_spirurus,2012-06-30,182
P120676,Phlegopsis_nigromaculata,2012-06-29,181
P120685,Myrmotherula_menetriesii,2012-06-29,181
P120695,Myrmotherula_longipennis,2012-06-29,181
P120711,Automolus_ochrolaemus,2012-06-30,182
P120712,Habia_rubica,2012-06-30,182
P121741,Myrmotherula_hauxwelli,2012-12-02,337
P120716,Pipra_fasciicauda,2012-06-30,182
P120713,Habia_rubica,2012-06-30,182
P120744,Terenotriccus_erythrurus,2012-07-02,184
P120752,Gymnopithys_salvini,2012-07-02,184
P120769,Phlegopsis_nigromaculata,2012-07-10,192
P121757,Myrmotherula_hauxwelli,2012-12-03,338
P130281,Myrmotherula_hauxwelli,2013-09-11,254
P130439,Myrmotherula_hauxwelli,2013-09-24,267
P120790,Arremon_taciturnus,2012-07-17,199
P120799,Myrmotherula_menetriesii,2012-07-21,203
SP121226,Myrmotherula_longicauda,2012-10-25,299
P110043,Myrmotherula_longipennis,2011-09-27,270
SP121342,Myrmotherula_schisticolor,2012-11-17,322
P120870,Ramphotrigon_fuscicauda,2012-08-15,228
P120913,Habia_rubica,2012-08-22,235
P120920,Arremon_taciturnus,2012-08-22,235
P120964,Gymnopithys_salvini,2012-08-23,236
P121005,Tangara_schrankii,2012-08-30,243
P121042,Arremon_taciturnus,2012-09-04,248
P121064,Tangara_schrankii,2012-09-05,249
P121135,Phlegopsis_nigromaculata,2012-09-19,263
P121354,Arremon_taciturnus,2012-10-20,294
P121399,Xiphorhynchus_elegans,2012-10-25,299
P121417,Arremon_taciturnus,2012-10-26,300
P121426,Habia_rubica,2012-10-26,300
P121430,Arremon_taciturnus,2012-10-26,300
P121467,Thamnophilus_schistaceus,2012-10-31,305
P121508,Gymnopithys_salvini,2012-11-02,307
P121575,Tangara_schrankii,2012-11-19,324
P121580,Terenotriccus_erythrurus,2012-11-19,324
P121593,Myrmotherula_longipennis,2012-11-20,325
P121775,Phaethornis_koepckeae,2012-12-03,338
P121756,Arremon_taciturnus,2012-12-03,338
P121798,Thamnophilus_schistaceus,2012-12-06,341
P130002,Rhytipterna_simplex,2013-08-26,238
P130003,Gymnopithys_salvini,2013-08-26,238
P130060,Thamnophilus_schistaceus,2013-08-28,240
P130298,Gymnopithys_salvini,2013-09-14,257
P130269,Arremon_taciturnus,2013-09-10,253
P130182,Gymnopithys_salvini,2013-09-06,249
P130067,Thamnophilus_schistaceus,2013-08-28,240
P130131,Arremon_taciturnus,2013-09-03,246
P130155,Gymnopithys_salvini,2013-09-05,248
P130180,Gymnopithys_salvini,2013-09-06,249
P110275,Philydor_erythropterum,2011-10-19,292
P116034,Philydor_rufum,2011-08-14,226
SP121325,Cyphorhinus_thoracicus,2012-11-11,316
P130335,Myrmeciza_hemimelaena,2013-09-16,259
P130332,Deconychura_longicauda,2013-09-16,259
P130334,Rhytipterna_simplex,2013-09-16,259
P130351,Arremon_taciturnus,2013-09-17,260
P130353,Automolus_ochrolaemus,2013-09-17,260
P130443,Phlegopsis_nigromaculata,2013-09-24,267
P130355,Terenotriccus_erythrurus,2013-09-17,260
P130392,Deconychura_longicauda,2013-09-20,263
SP121058,Phylloscartes_ophthalmicus,2012-09-29,273
P130887,Myrmeciza_hemimelaena,2013-11-05,309
SP110004,Trichothraupis_melanops,2011-09-02,245
SP121047,Phylloscartes_ophthalmicus,2012-09-29,273
SP120068,Phylloscartes_ophthalmicus,2012-06-29,181
SP110027,Thripadectes_melanorhynchus,2011-09-12,255
SP110036,Trichothraupis_melanops,2011-09-16,259
SP110039,Thripadectes_melanorhynchus,2011-09-16,259
SP110038,Trichothraupis_melanops,2011-09-16,259
SP110048,Thripadectes_melanorhynchus,2011-09-19,262
SP110069,Thripadectes_melanorhynchus,2011-09-21,264
SP110094,Cyphorhinus_thoracicus,2011-09-25,268
SP120074,Phylloscartes_ophthalmicus,2012-06-24,176
SP110042,Cyphorhinus_thoracicus,2011-09-17,260
SP110047,Thripadectes_melanorhynchus,2011-09-19,262
SP110126,Cyphorhinus_thoracicus,2011-10-01,274
SP121322,Phylloscartes_ophthalmicus,2012-11-10,315
SP110320,Trichothraupis_melanops,2011-10-27,300
SP121333,Phylloscartes_ophthalmicus,2012-11-11,316
P120863,Pipra_chloromeros,2012-08-15,228
SP110367,Thripadectes_melanorhynchus,2011-11-02,306
P110034,Pipra_chloromeros,2011-09-28,271
P110053,Pipra_chloromeros,2011-09-29,272
P110110,Pipra_chloromeros,2011-10-06,279
SP120061,Thripadectes_melanorhynchus,2012-06-26,178
SP120062,Trichothraupis_melanops,2012-06-26,178
P110122,Pipra_chloromeros,2011-10-07,280
SP120670,Trichothraupis_melanops,2012-07-25,207
SP120675,Lophotriccus_pileatus,2012-07-25,207
P110210,Pipra_chloromeros,2011-10-14,287
P110246,Pipra_chloromeros,2011-10-18,291
P110278,Pipra_chloromeros,2011-10-19,292
SP120764,Trichothraupis_melanops,2012-08-10,223
SP120874,Myrmotherula_longicauda,2012-08-30,243
P110356,Pipra_chloromeros,2011-11-01,305
SP120772,Lophotriccus_pileatus,2012-08-10,223
P110357,Pipra_chloromeros,2011-11-01,305
P110360,Pipra_chloromeros,2011-11-01,305
P110361,Pipra_chloromeros,2011-11-01,305
SP121001,Cyphorhinus_thoracicus,2012-09-24,268
P110412,Pipra_chloromeros,2011-11-04,308
SP121002,Thripadectes_melanorhynchus,2012-09-24,268
SP121019,Thripadectes_melanorhynchus,2012-09-27,271
SP121022,Trichothraupis_melanops,2012-09-27,271
SP121025,Cyphorhinus_thoracicus,2012-09-27,271
SP121031,Cyphorhinus_thoracicus,2012-09-27,271
SP121046,Thripadectes_melanorhynchus,2012-09-29,273
SP121057,Cyphorhinus_thoracicus,2012-09-29,273
SP121059,Cyphorhinus_thoracicus,2012-09-29,273
SP121064,Cyphorhinus_thoracicus,2012-09-29,273
SP121065,Cyphorhinus_thoracicus,2012-09-29,273
SP121066,Cyphorhinus_thoracicus,2012-09-29,273
P115955,Pipra_chloromeros,2011-08-10,222
P116053,Pipra_chloromeros,2011-08-14,226
SP121090,Thripadectes_melanorhynchus,2012-10-02,276
SP121098,Thripadectes_melanorhynchus,2012-10-03,277
P116054,Pipra_chloromeros,2011-08-14,226
SP121163,Thripadectes_melanorhynchus,2012-10-20,294
SP121172,Lophotriccus_pileatus,2012-10-22,296
SP121216,Myrmotherula_schisticolor,2012-10-23,297
SP121185,Myrmotherula_schisticolor,2012-10-23,297
P116171,Pipra_chloromeros,2011-08-18,230
W130408,Pipreola_arcuata,2013-10-01,274
W120299,Pipreola_intermedia,2012-08-15,228
SP121273,Cyphorhinus_thoracicus,2012-11-07,312
W130376,Pipreola_intermedia,2013-09-28,271
W130860,Pipreola_intermedia,2013-11-24,328
P116149,Myrmoborus_myotherinus,2011-08-18,230
P116155,Myrmeciza_fortis,2011-08-18,230
P120889,Platyrinchus_platyrhynchos,NA,NA
SP121407,Premnoplex_brunnescens,2012-11-22,327
P116177,Lepidothrix_coronata,2011-08-18,230
SP121418,Premnoplex_brunnescens,2012-11-24,329
W130753,Pyrrhomyias_cinnamomeus,2013-11-25,329
P116220,Rhegmatorhina_melanosticta,2011-08-19,231
P116221,Rhegmatorhina_melanosticta,2011-08-19,231
P116222,Rhegmatorhina_melanosticta,2011-08-19,231
P116223,Thalurania_furcata,2011-08-19,231
P116218,Rhegmatorhina_melanosticta,2011-08-19,231
P116233,Mionectes_olivaceus,2011-08-19,231
P116441,Mionectes_olivaceus,2011-09-04,247
P116443,Cyanocompsa_cyanoides,2011-09-04,247
P116485,Mionectes_olivaceus,2011-09-06,249
P116487,Mionectes_olivaceus,2011-09-06,249
P116489,Mionectes_olivaceus,2011-09-06,249
P120616,Ancistrops_strigilatus,2012-06-24,176
P130803,Ramphotrigon_fuscicauda,2013-10-31,304
P120844A,Cyanocompsa_cyanoides,2012-08-13,226
P121028,Ancistrops_strigilatus,2012-09-03,247
P121441,Cyanocompsa_cyanoides,2012-10-27,301
P130185,Cyanocompsa_cyanoides,2013-09-06,249
P130219,Cyanocompsa_cyanoides,2013-09-07,250
P130491,Rhegmatorhina_melanosticta,2013-09-25,268
TU120029,Rhynchocyclus_fulvipectus,2012-10-14,288
P121006,Rupicola_peruvianus,NA,NA
P130372,Mionectes_olivaceus,2013-09-19,262
SP120072,Tangara_arthus,2012-06-29,181
SP121138,Tangara_arthus,2012-10-17,291
SP110164,Sporophila_nigricollis,2011-10-05,278
SP110196,Sporophila_nigricollis,2011-10-08,281
SP110197,Sporophila_nigricollis,2011-10-08,281
P116163,Thamnomanes_ardesiacus,2011-08-20,232
SP120070,Diglossa_glauca,2012-06-29,181
SP121054,Ammodramus_aurifrons,2012-09-29,273
SP121051,Xiphorhynchus_triangularis,2012-09-29,273
SP121114,Mionectes_olivaceus,2012-10-04,278
SP121171,Mionectes_olivaceus,2012-10-22,296
P116360,Thamnomanes_schistogynus,2011-08-30,242
SP121239,Mionectes_olivaceus,2012-11-06,311
SP121313,Cyanerpes_caeruleus,2012-11-10,315
SP121331,Cyanerpes_caeruleus,2012-11-11,316
P116378,Thamnomanes_schistogynus,2011-08-30,242
P120850,Thamnophilus_schistaceus,2012-08-13,226
SP13248,Ammodramus_aurifrons,2013-10-21,294
TL120053,Anisognathus_somptuosus,2012-10-29,303
TL120055,Anisognathus_somptuosus,2012-10-29,303
W120322,Thraupis_cyanocephala,2012-08-27,240
TL120060,Iridosornis_analis,2012-10-29,303
TL120062,Iridosornis_analis,2012-10-30,304
TU120049,Buthraupis_montana,2012-10-15,289
TU120050,Buthraupis_montana,2012-10-15,289
W120530,Thraupis_cyanocephala,NA,NA
W130603,Thraupis_cyanocephala,2013-11-06,310
SP120954,Thripadectes_melanorhynchus,2012-09-05,249
P110144,Turdus_albicollis,2011-10-10,283
P116200,Willisornis_poecilinotus,2011-08-18,230
W120483,Buthraupis_montana,2012-09-06,250
W120518,Thraupis_cyanocephala,2012-09-11,255
W120525,Thraupis_cyanocephala,2012-09-12,256
P120795,Xiphorhynchus_elegans,2012-07-19,201
W120691,Dubusia_taeniata,2012-10-15,289
W120715,Haplospiza_rustica,2012-10-16,290
W120826,Haplospiza_rustica,2012-10-21,295
W120876,Thraupis_cyanocephala,2012-10-25,299
W130188,Thraupis_cyanocephala,2013-09-03,246
W130234,Buthraupis_montana,2013-09-08,251
W130515,Haplospiza_rustica,2013-10-23,296
W130566,Thraupis_cyanocephala,2013-10-31,304
W130559,Thraupis_cyanocephala,2013-10-31,304
P120783,Xiphorhynchus_elegans,2012-07-14,196
W130623,Thraupis_cyanocephala,2013-11-09,313
W130648,Thraupis_cyanocephala,2013-11-10,314
W130654,Thraupis_cyanocephala,2013-11-10,314
W130814,Haplospiza_rustica,2013-11-20,324
W130850,Haplospiza_rustica,2013-11-24,328